City_ID,City,Country,Lat,Lng,Max Temp,Humidity,Cloudiness,Wind Speed,Current Description
0,Barrow,US,71.29,-156.79,41.0,75,90,12.75,overcast clouds
1,Bulgan,MN,48.81,103.53,53.19,84,100,3.96,overcast clouds
2,Jamestown,US,42.1,-79.24,72.0,83,90,17.22,light rain
3,Laredo,US,27.51,-99.51,96.8,37,75,4.7,broken clouds
4,Kapaa,US,22.08,-159.32,82.4,65,90,14.99,overcast clouds
5,Porto Walter,BR,-8.27,-72.74,87.19,40,0,1.07,clear sky
6,Punta Arenas,CL,-53.15,-70.92,39.2,80,24,9.17,few clouds
7,Omboue,GA,-1.57,9.26,73.27,73,70,6.49,broken clouds
8,Prince Rupert,CA,54.32,-130.32,59.0,93,90,2.24,light rain
9,Hermanus,ZA,-34.42,19.23,48.0,96,0,5.99,clear sky
10,Busselton,AU,-33.65,115.33,43.0,98,20,4.29,few clouds
11,Langa,DK,56.39,9.89,55.99,84,28,6.87,scattered clouds
12,Zhigansk,RU,66.77,123.37,56.64,62,100,13.49,overcast clouds
13,Aklavik,CA,68.22,-135.01,53.6,87,90,3.36,overcast clouds
14,Ushuaia,AR,-54.8,-68.3,39.2,69,24,5.82,few clouds
15,Iqaluit,CA,63.75,-68.51,51.8,81,20,4.7,few clouds
16,East London,ZA,-33.02,27.91,75.27,19,0,11.74,clear sky
17,Ponta Do Sol,PT,32.67,-17.1,71.6,68,20,17.22,few clouds
18,Sarkand,KZ,45.41,79.92,68.54,37,93,4.92,overcast clouds
19,Mataura,NZ,-46.19,168.86,48.96,93,35,1.81,scattered clouds
20,Rikitea,PF,-23.12,-134.97,72.91,79,76,13.27,broken clouds
21,Lorengau,PG,-2.02,147.27,82.89,78,96,12.33,light rain
22,Cape Town,ZA,-33.93,18.42,59.0,100,75,12.75,fog
23,Port Hardy,CA,50.7,-127.42,57.2,100,90,4.7,moderate rain
24,Bredasdorp,ZA,-34.53,20.04,42.8,93,0,1.12,clear sky
25,Deder,ET,9.32,41.45,58.15,80,95,7.54,overcast clouds
26,Waverley,ZA,-25.7,28.26,57.2,42,0,4.7,clear sky
27,Toktogul,KG,41.87,72.94,64.71,55,0,1.1,clear sky
28,Qaanaaq,GL,77.48,-69.36,38.44,87,100,9.44,light rain
29,Kudahuvadhoo,MV,2.67,72.89,81.99,79,99,12.46,light rain
30,Nakamura,JP,32.98,132.93,77.22,83,84,0.81,broken clouds
31,Tasiilaq,GL,65.61,-37.64,48.2,66,9,12.75,clear sky
32,Arraial Do Cabo,BR,-22.97,-42.03,68.0,64,2,3.36,clear sky
33,Laguna,US,38.42,-121.42,96.01,29,1,8.05,clear sky
34,Khatanga,RU,71.97,102.5,63.27,71,50,5.97,scattered clouds
35,Sakaiminato,JP,35.55,133.23,78.8,94,75,4.7,broken clouds
36,Klaksvik,FO,62.23,-6.59,50.0,100,99,13.87,drizzle
37,Wuwei,CN,37.93,102.64,71.01,43,56,1.54,broken clouds
38,Ribeira Grande,PT,38.52,-28.7,72.05,82,3,11.16,clear sky
39,Ust-Tsilma,RU,65.44,52.15,53.51,92,100,2.77,overcast clouds
40,Irbeyskoye,RU,55.64,95.45,57.36,91,100,1.99,overcast clouds
41,Atuona,PF,-9.8,-139.03,78.66,78,13,17.69,few clouds
42,Port Alfred,ZA,-33.59,26.89,72.5,22,0,13.51,clear sky
43,Roura,GF,4.73,-52.33,82.4,74,34,3.36,scattered clouds
44,Husavik,IS,66.04,-17.34,50.0,93,90,5.82,light intensity drizzle
45,Springbok,ZA,-29.66,17.89,57.61,33,0,3.98,clear sky
46,Nanakuli,US,21.39,-158.15,87.8,55,20,10.29,few clouds
47,Carnarvon,AU,-24.87,113.63,53.6,93,40,6.93,scattered clouds
48,Butaritari,KI,3.07,172.79,82.63,75,7,16.17,clear sky
49,Esperance,AU,-33.87,121.9,48.2,93,69,13.87,broken clouds
50,Safaga,EG,26.73,33.94,86.0,70,0,2.13,clear sky
51,Yellowknife,CA,62.46,-114.35,82.0,54,75,17.22,broken clouds
52,Hobart,AU,-42.88,147.33,46.4,70,75,6.93,shower rain
53,Awjilah,LY,29.11,21.29,81.23,51,0,10.07,clear sky
54,Lagoa,PT,39.05,-27.98,71.67,82,0,13.53,clear sky
55,Bubaque,GW,11.28,-15.83,80.98,84,99,11.63,overcast clouds
56,Korla,CN,41.76,86.15,78.01,64,84,11.27,broken clouds
57,Salamiyah,SY,35.01,37.05,71.51,64,0,7.45,clear sky
58,Saint-Philippe,RE,-21.36,55.77,68.0,60,90,10.29,overcast clouds
59,Carutapera,BR,-1.2,-46.02,76.44,91,37,6.87,light rain
60,Yulara,AU,-25.24,130.99,39.2,32,0,5.82,clear sky
61,Evensk,RU,61.95,159.23,61.21,52,29,2.24,scattered clouds
62,Buraydah,SA,26.33,43.98,93.2,26,43,11.41,scattered clouds
63,Bluff,NZ,-46.6,168.33,47.21,92,68,6.38,broken clouds
64,Reinosa,ES,43.0,-4.14,68.0,77,20,2.24,few clouds
65,Jacksonville,US,30.33,-81.66,86.0,74,75,5.82,broken clouds
66,Rio Grande,BR,-32.03,-52.1,62.01,93,98,6.24,overcast clouds
67,Fairbanks,US,64.84,-147.72,71.6,56,1,6.93,clear sky
68,Severo-Kurilsk,RU,50.68,156.12,53.51,90,100,9.55,light rain
69,Vestmannaeyjar,IS,63.44,-20.27,51.66,85,75,21.12,broken clouds
70,Nikolskoye,RU,59.7,30.79,59.0,87,90,2.24,light intensity shower rain
71,Vaini,TO,-21.2,-175.2,77.0,78,75,13.87,broken clouds
72,Georgetown,MY,5.41,100.34,82.4,78,20,4.7,few clouds
73,Albany,US,42.6,-73.97,87.01,65,47,9.8,light rain
74,Geraldton,AU,-28.77,114.6,57.2,71,75,12.75,broken clouds
75,Sulechow,PL,52.08,15.63,66.99,37,100,1.1,light rain
76,Santa Cruz De Tenerife,ES,28.47,-16.25,73.99,73,20,10.29,few clouds
77,Dikson,RU,73.51,80.55,52.5,81,63,8.95,broken clouds
78,Port Macquarie,AU,-31.43,152.92,50.0,98,25,1.01,scattered clouds
79,Hilo,US,19.73,-155.09,86.0,51,75,11.41,broken clouds
80,San Quintin,MX,30.48,-115.95,79.75,52,0,11.7,clear sky
81,Ust-Kuyga,RU,70.02,135.6,49.48,77,62,4.94,broken clouds
82,Kharian,PK,32.81,73.86,82.4,78,40,5.68,smoke
83,Thompson,CA,55.74,-97.86,77.0,38,20,5.82,few clouds
84,Baherden,TM,38.44,57.43,86.09,16,0,5.28,clear sky
85,Balaipungut,ID,1.05,101.28,77.0,88,20,2.3,few clouds
86,Sujiatun,CN,41.66,123.34,75.2,94,75,2.24,broken clouds
87,Hengshui,CN,37.73,115.7,80.19,90,99,6.69,overcast clouds
88,Hillsborough,US,37.57,-122.38,78.01,56,20,20.8,few clouds
89,Kloulklubed,PW,7.04,134.26,78.8,88,90,3.36,overcast clouds
90,Baghdad,IQ,33.34,44.4,87.8,31,0,4.7,clear sky
91,Bhawanipatna,IN,19.9,83.17,79.48,83,100,4.43,overcast clouds
92,Gobo,JP,33.88,135.15,82.99,83,75,2.24,broken clouds
93,Broome,US,42.25,-75.83,88.0,48,75,10.29,broken clouds
94,Saldanha,ZA,-33.01,17.94,48.2,81,0,1.12,clear sky
95,Te Anau,NZ,-45.42,167.72,47.37,87,40,1.05,scattered clouds
96,Hofn,IS,64.25,-15.21,51.53,90,100,5.97,overcast clouds
97,Chuy,UY,-33.7,-53.46,59.54,90,99,3.62,overcast clouds
98,Coromandel,BR,-18.47,-47.2,64.74,50,0,7.36,clear sky
99,Lebu,CL,-37.62,-73.65,52.29,92,68,6.71,broken clouds
100,Samus,RU,56.75,84.7,57.99,89,0,2.37,clear sky
101,Majalgaon,IN,19.15,76.23,77.85,80,100,19.15,light rain
102,Katsuura,JP,35.13,140.3,78.01,87,8,4.92,clear sky
103,Eirunepe,BR,-6.66,-69.87,84.79,50,43,1.05,scattered clouds
104,Faanui,PF,-16.48,-151.75,78.46,79,100,10.67,overcast clouds
105,San Patricio,MX,19.22,-104.7,90.16,59,0,8.97,clear sky
106,Entre Rios,BR,-11.94,-38.08,66.38,97,5,5.17,light rain
107,Terrace,CA,54.52,-128.6,66.2,82,90,2.24,overcast clouds
108,Tuktoyaktuk,CA,69.45,-133.04,46.4,93,90,16.11,light rain
109,Montelibano,CO,7.98,-75.42,86.83,82,55,7.27,light rain
110,Sola,VU,-13.88,167.55,80.6,83,75,6.93,broken clouds
111,Codrington,AU,-38.27,141.97,46.92,78,36,11.14,scattered clouds
112,Port Elizabeth,ZA,-33.92,25.57,64.4,52,0,5.82,clear sky
113,Salalah,OM,17.02,54.09,82.4,83,40,6.93,scattered clouds
114,Great Falls,US,47.5,-111.3,93.2,26,1,3.47,clear sky
115,Sur,OM,22.57,59.53,83.32,72,0,11.03,clear sky
116,Kruisfontein,ZA,-34.0,24.73,57.69,40,0,3.4,clear sky
117,Sao Filipe,CV,14.9,-24.5,78.42,87,71,7.0,broken clouds
118,Avarua,CK,-21.21,-159.78,71.6,64,0,4.7,clear sky
119,Najran,SA,17.49,44.13,82.4,51,40,13.87,scattered clouds
120,Constitucion,CL,-35.33,-72.42,55.09,90,1,6.51,clear sky
121,Vao,NC,-22.67,167.48,67.17,70,2,15.55,clear sky
122,Bilibino,RU,68.05,166.44,50.77,60,93,0.83,overcast clouds
123,Tucuman,AR,-26.82,-65.22,77.0,36,0,6.93,smoke
124,Asau,RO,46.43,26.4,52.0,94,0,1.95,clear sky
125,Simao,CN,22.79,100.97,67.57,88,100,3.15,overcast clouds
126,Upernavik,GL,72.79,-56.15,44.08,69,93,6.62,overcast clouds
127,Chokurdakh,RU,70.63,147.92,49.73,63,100,3.56,overcast clouds
128,Broken Hill,AU,-31.95,141.43,44.6,48,100,6.93,overcast clouds
129,Bengkulu,ID,-3.8,102.27,74.61,92,43,3.38,scattered clouds
130,Bollnas,SE,61.35,16.39,62.01,94,91,5.75,overcast clouds
131,Tinogboc,PH,12.01,121.41,83.32,76,100,6.78,overcast clouds
132,Umm Kaddadah,SD,13.6,26.69,76.66,72,12,17.63,few clouds
133,Coquimbo,CL,-29.95,-71.34,57.2,82,3,6.93,clear sky
134,Hasaki,JP,35.73,140.83,75.2,88,20,3.36,few clouds
135,Pingyi,CN,35.5,117.63,78.13,88,36,6.55,light rain
136,Dingle,PH,11.0,122.67,76.55,84,100,2.8,overcast clouds
137,Wewak,PG,-3.55,143.63,79.21,86,84,7.87,broken clouds
138,Meulaboh,ID,4.14,96.13,76.57,84,100,3.74,light rain
139,Avera,US,33.19,-82.53,95.0,41,1,8.41,clear sky
140,New Norfolk,AU,-42.78,147.06,46.0,80,80,1.01,light rain
141,Pevek,RU,69.7,170.31,37.11,93,100,3.13,overcast clouds
142,Primorka,RU,47.28,39.06,63.0,77,24,8.99,few clouds
143,Mantua,IT,45.17,10.78,75.0,90,82,7.0,moderate rain
144,Ornskoldsvik,SE,63.29,18.72,57.2,87,99,3.36,overcast clouds
145,Tazovskiy,RU,67.47,78.7,52.41,88,37,6.29,scattered clouds
146,Denpasar,ID,-8.65,115.22,73.4,100,20,2.24,few clouds
147,Slyudyanka,RU,51.66,103.71,56.93,83,100,4.56,light rain
148,Bethel,US,41.37,-73.41,84.0,78,75,9.17,broken clouds
149,Talnakh,RU,69.49,88.4,55.4,87,95,6.71,overcast clouds
150,Port Hedland,AU,-20.32,118.57,55.4,100,90,10.0,overcast clouds
151,Hithadhoo,MV,-0.6,73.08,82.85,77,64,10.89,broken clouds
152,Suez,EG,29.97,32.53,80.78,45,0,8.48,clear sky
153,Aksu,CN,41.12,80.26,75.67,31,34,5.5,scattered clouds
154,Marzuq,YE,14.4,46.47,81.9,54,13,6.08,few clouds
155,Cayenne,GF,4.93,-52.33,82.4,74,45,3.36,scattered clouds
156,Charters Towers,AU,-20.1,146.27,59.09,77,6,10.45,clear sky
157,Mehamn,NO,71.04,27.85,50.0,87,75,9.17,broken clouds
158,Karratha,AU,-20.74,116.85,66.31,78,76,5.35,broken clouds
159,Odessa,UA,46.48,30.73,68.0,52,0,4.47,clear sky
160,San Jose,US,37.34,-121.89,86.0,42,5,8.05,clear sky
161,Saint Anthony,US,45.02,-93.22,73.4,46,1,12.75,clear sky
162,Sao Paulo De Olivenca,BR,-3.38,-68.87,83.86,61,53,2.04,broken clouds
163,Kalmunai,LK,7.42,81.82,80.46,68,100,6.24,overcast clouds
164,Batticaloa,LK,7.71,81.69,81.46,66,97,11.25,overcast clouds
165,Leningradskiy,RU,69.38,178.42,40.23,85,99,9.8,overcast clouds
166,Dawei,MM,14.08,98.2,79.14,84,100,16.04,moderate rain
167,Port Blair,IN,11.67,92.75,82.11,80,100,25.95,light rain
168,Maraba,BR,-5.37,-49.12,82.4,54,52,2.28,broken clouds
169,Rathdrum,US,47.81,-116.89,90.0,29,1,3.36,clear sky
170,Shingu,JP,33.73,135.98,76.66,87,97,2.42,overcast clouds
171,Rawson,AR,-43.3,-65.1,52.68,43,0,9.28,clear sky
172,Cidreira,BR,-30.18,-50.21,62.19,71,100,7.34,overcast clouds
173,Kahului,US,20.89,-156.47,87.8,52,40,23.04,scattered clouds
174,The Valley,AI,18.22,-63.06,87.8,74,20,10.29,tornado
175,Mananjary,MG,-21.22,48.33,65.39,79,98,6.4,light rain
176,Cherskiy,RU,68.75,161.3,51.6,68,78,1.16,broken clouds
177,Mar Del Plata,AR,-38.0,-57.56,50.0,81,97,6.93,overcast clouds
178,Kattivakkam,IN,13.22,80.32,77.0,94,90,6.93,light intensity drizzle
179,Kirakira,SB,-10.45,161.92,82.85,74,23,5.75,few clouds
180,Mount Gambier,AU,-37.83,140.77,44.6,100,40,6.93,scattered clouds
181,Makakilo City,US,21.35,-158.09,87.8,55,20,10.29,few clouds
182,Linxia,CN,35.6,103.21,61.39,69,55,3.67,broken clouds
183,Mahebourg,MU,-20.41,57.7,69.8,68,75,14.99,broken clouds
184,Bar Harbor,US,44.39,-68.2,75.0,88,40,14.99,scattered clouds
185,Mocuba,MZ,-16.84,36.99,62.4,97,47,3.29,scattered clouds
186,Ulaangom,MN,49.98,92.07,55.42,61,92,3.98,overcast clouds
187,Saskylakh,RU,71.92,114.08,63.88,73,65,3.49,light rain
188,Puerto Ayora,EC,-0.74,-90.35,75.2,73,75,18.34,broken clouds
189,Praia Da Vitoria,PT,38.73,-27.07,73.4,78,40,9.06,scattered clouds
190,Saucillo,MX,28.02,-105.28,90.19,23,51,6.73,broken clouds
191,Lerwick,GB,60.15,-1.15,53.6,87,69,11.41,broken clouds
192,Castro,BR,-24.79,-50.01,54.64,71,0,3.76,clear sky
193,Portland,US,45.52,-122.68,86.0,42,20,5.82,few clouds
194,Apricena,IT,41.78,15.44,78.8,54,20,2.24,few clouds
195,Nelson Bay,AU,-32.72,152.15,51.01,100,62,5.82,broken clouds
196,Torbay,CA,47.67,-52.73,63.0,82,75,11.41,broken clouds
197,Airai,TL,-8.93,125.41,52.0,92,55,2.59,broken clouds
198,Manavgat,TR,36.79,31.44,82.4,78,40,3.36,scattered clouds
199,Harper,LR,4.38,-7.72,73.42,76,94,5.95,overcast clouds
200,Imeni Poliny Osipenko,RU,52.42,136.49,54.7,85,100,10.87,overcast clouds
201,Quatre Cocos,MU,-20.21,57.76,69.8,68,75,14.99,broken clouds
202,Kutum,SD,14.2,24.67,70.56,84,58,14.67,light rain
203,Vanavara,RU,60.34,102.28,56.17,74,99,3.67,overcast clouds
204,Sulina,RO,45.16,29.65,66.13,68,0,2.06,clear sky
205,Kieta,PG,-6.22,155.63,82.11,73,84,5.41,broken clouds
206,Raffadali,IT,37.4,13.53,80.01,55,0,3.36,clear sky
207,Thinadhoo,MV,0.53,72.93,82.67,77,98,11.5,overcast clouds
208,Basti,IN,26.8,82.72,85.24,73,28,2.51,scattered clouds
209,Hailin,CN,44.58,129.42,69.21,89,100,2.53,overcast clouds
210,China,MX,25.7,-99.23,92.17,47,24,9.35,few clouds
211,Mubi,NG,10.27,13.26,70.92,91,99,2.95,light rain
212,Sao Jose Da Coroa Grande,BR,-8.9,-35.15,74.41,78,56,11.68,broken clouds
213,Puerto Escondido,MX,15.85,-97.07,86.0,70,40,10.29,scattered clouds
214,Vila,PT,42.03,-8.16,66.99,72,100,11.41,overcast clouds
215,Fortuna,US,40.6,-124.16,72.0,77,11,7.0,few clouds
216,Cheremukhovo,RU,60.35,59.99,59.41,90,98,6.85,overcast clouds
217,Itaituba,BR,-4.28,-55.98,93.2,44,20,3.36,few clouds
218,Sanmenxia,CN,34.77,111.18,78.96,75,87,1.7,overcast clouds
219,Narsaq,GL,60.92,-46.05,51.8,81,75,5.82,broken clouds
220,Lagunas,PE,-5.23,-75.68,85.26,57,54,2.33,broken clouds
221,Longyearbyen,SJ,78.22,15.64,46.4,93,40,2.24,fog
222,Stillwater,US,36.12,-97.06,87.8,45,20,9.17,few clouds
223,Nuuk,GL,64.18,-51.72,46.4,93,100,4.7,light intensity shower rain
224,Okaihau,NZ,-35.32,173.78,60.01,3,43,7.0,scattered clouds
225,Camacupa,AO,-12.02,17.48,57.45,40,0,5.32,clear sky
226,Brae,GB,60.4,-1.35,53.6,87,70,11.41,broken clouds
227,Ondangwa,NA,-17.92,15.95,59.0,26,0,3.36,clear sky
228,Tuatapere,NZ,-46.13,167.68,47.12,81,77,3.47,broken clouds
229,Raudeberg,NO,61.99,5.14,53.6,87,100,8.05,light rain
230,Launceston,AU,-41.45,147.17,46.0,100,90,17.22,light rain
231,High Level,CA,58.52,-117.14,84.2,58,20,5.82,few clouds
232,Laksham,BD,23.25,91.14,83.01,83,84,1.83,moderate rain
233,Ahipara,NZ,-35.17,173.17,59.7,74,35,9.66,scattered clouds
234,Beringovskiy,RU,63.05,179.32,47.75,74,100,17.18,overcast clouds
235,Alofi,NU,-19.06,-169.92,78.8,69,81,9.17,broken clouds
236,Lavrentiya,RU,65.58,-171.0,47.79,68,77,9.66,broken clouds
237,Chimore,BO,-16.98,-65.13,81.12,43,0,2.93,clear sky
238,Santa Cruz,BO,-17.8,-63.17,80.6,51,20,4.7,few clouds
239,Sarankhola,BD,22.31,89.79,82.78,86,100,3.22,overcast clouds
240,Upala,CR,10.9,-85.01,86.0,74,40,11.41,scattered clouds
241,Yashkul,RU,46.17,45.34,73.89,50,98,8.66,overcast clouds
242,Vuktyl,RU,63.86,57.31,58.46,89,91,10.65,light rain
243,Glendive,US,47.11,-104.71,84.99,28,1,18.34,clear sky
244,Uruzgan,AF,32.83,66.0,61.97,27,0,3.58,clear sky
245,Aden,YE,12.78,45.04,87.94,73,0,5.75,clear sky
246,Clyde River,CA,70.47,-68.59,51.8,87,90,6.93,light rain
247,Sao Geraldo Do Araguaia,BR,-6.4,-48.55,86.68,34,57,3.42,broken clouds
248,Gilgit,PK,35.92,74.31,77.5,37,0,0.78,clear sky
249,Sitka,US,57.05,-135.33,59.0,82,90,4.7,overcast clouds
250,Lodja,CD,-3.48,23.43,76.82,54,99,0.6,overcast clouds
251,Brownsville,US,25.9,-97.5,87.01,70,1,7.49,light rain
252,Luderitz,NA,-26.65,15.16,68.0,24,0,5.82,clear sky
253,Anloga,GH,5.79,0.9,75.2,88,20,11.41,few clouds
254,Yatou,CN,37.15,122.38,75.94,94,0,8.01,clear sky
255,Guerrero Negro,MX,27.98,-114.06,84.92,47,46,17.22,scattered clouds
256,Vanimo,PG,-2.67,141.3,78.98,83,100,2.82,light rain
257,Dunedin,NZ,-45.87,170.5,53.01,80,97,1.99,overcast clouds
258,Mao,ES,39.89,4.27,77.0,73,1,12.75,clear sky
259,Umm Lajj,SA,25.02,37.27,86.79,71,2,8.88,clear sky
260,Tarazona,ES,41.9,-1.73,69.8,63,94,19.46,overcast clouds
261,Okahandja,NA,-21.98,16.92,55.4,24,0,5.82,clear sky
262,Ostrovnoy,RU,68.05,39.51,50.16,88,100,13.24,overcast clouds
263,Nikolayevsk-Na-Amure,RU,53.14,140.73,55.06,89,99,5.66,light rain
264,Aswan,EG,24.09,32.91,96.89,15,42,10.13,scattered clouds
265,Caernarfon,GB,53.14,-4.27,57.2,93,74,8.05,light rain
266,Beloha,MG,-25.17,45.05,62.04,74,0,15.66,clear sky
267,Petropavlovsk-Kamchatskiy,RU,53.05,158.65,55.4,100,90,4.47,light intensity shower rain
268,Kodiak,US,57.79,-152.41,62.6,72,40,10.29,scattered clouds
269,Caravelas,BR,-17.71,-39.25,70.81,68,11,10.83,few clouds
270,Port Augusta,AU,-32.5,137.77,50.0,100,90,4.7,overcast clouds
271,Mpika,ZM,-11.83,31.45,53.64,65,45,8.3,scattered clouds
272,Bereznik,RU,62.86,42.71,48.52,98,91,4.16,overcast clouds
273,Kavaratti,IN,10.57,72.64,82.44,79,100,22.7,overcast clouds
274,Cambridge,CA,43.36,-80.31,73.99,94,90,9.17,overcast clouds
275,Plettenberg Bay,ZA,-34.05,23.37,64.36,41,0,2.3,clear sky
276,Kawalu,ID,-7.38,108.21,70.32,90,98,1.74,overcast clouds
277,Rocha,UY,-34.48,-54.33,62.87,89,100,5.32,overcast clouds
278,Tiksi,RU,71.69,128.87,44.91,84,100,5.3,overcast clouds
279,Omsukchan,RU,62.53,155.8,56.93,53,16,7.05,few clouds
280,Mnogovershinnyy,RU,53.94,139.92,50.49,95,95,4.61,overcast clouds
281,Bintulu,MY,3.17,113.03,77.0,88,20,6.93,few clouds
282,Imbituba,BR,-28.24,-48.67,66.2,82,62,6.93,broken clouds
283,Santa Maria,BR,-29.68,-53.81,77.0,69,30,4.7,scattered clouds
284,Cabadiangan,PH,9.75,122.47,77.59,83,64,2.89,broken clouds
285,Arua,UG,3.02,30.91,63.19,93,23,3.62,light rain
286,Baker City,US,44.77,-117.83,93.2,16,1,11.41,clear sky
287,Acapulco,MX,16.86,-99.89,87.8,70,20,10.29,few clouds
288,Tilichiki,RU,60.47,166.1,56.41,69,91,0.74,overcast clouds
289,Kaura Namoda,NG,12.59,6.58,73.78,92,63,9.57,broken clouds
290,Mayya,RU,61.73,130.28,55.4,76,33,6.71,scattered clouds
291,Upington,ZA,-28.45,21.26,55.4,26,0,9.17,clear sky
292,Lata,PT,40.16,-8.33,62.01,79,71,5.99,broken clouds
293,Ryotsu,JP,38.08,138.43,75.2,94,75,2.24,broken clouds
294,Cianjur,ID,-6.82,107.14,77.0,88,20,3.36,haze
295,Machali,CL,-34.18,-70.67,66.2,37,2,6.93,clear sky
296,Octeville,FR,49.63,-1.64,63.0,87,75,9.17,broken clouds
297,Malinovskiy,RU,61.2,62.84,63.14,87,99,11.12,overcast clouds
298,Gull Lake,CA,50.1,-108.48,78.8,29,1,14.99,clear sky
299,Cairns,AU,-16.92,145.77,66.99,88,75,10.29,broken clouds
300,San Angelo,US,31.46,-100.44,100.4,18,1,8.05,clear sky
301,Conceicao Do Araguaia,BR,-8.26,-49.26,87.8,38,0,3.36,clear sky
302,Porto De Moz,BR,-1.75,-52.24,81.12,65,50,2.66,scattered clouds
303,Hualmay,PE,-11.1,-77.61,64.08,73,18,10.2,few clouds
304,Hamilton,US,39.18,-84.53,80.01,57,40,8.05,scattered clouds
305,Mchinji,MW,-13.8,32.88,52.32,86,7,4.36,clear sky
306,Souillac,MU,-20.52,57.52,69.8,68,75,14.99,broken clouds
307,Podgorica,ME,42.44,19.26,78.8,39,0,2.24,clear sky
308,Timoteo,BR,-19.58,-42.64,66.54,63,43,0.27,scattered clouds
309,Yataity Del Norte,PY,-24.83,-56.35,71.56,55,0,5.73,clear sky
310,Mgandu,TZ,-5.95,34.13,55.49,68,31,7.65,scattered clouds
311,San Pedro,PH,14.35,121.02,79.0,94,99,1.12,overcast clouds
312,Valsamata,GR,38.17,20.6,73.4,78,0,2.24,clear sky
313,Kolaras,IN,25.23,77.6,80.4,79,84,7.96,broken clouds
314,Sao Joao Do Piaui,BR,-8.36,-42.25,78.76,47,1,6.15,clear sky
315,Bambous Virieux,MU,-20.34,57.76,69.8,68,75,14.99,broken clouds
316,Goderich,CA,43.75,-81.72,72.0,80,100,1.99,moderate rain
317,Gat,IL,31.61,34.76,79.0,61,0,1.01,clear sky
318,Iquitos,PE,-3.75,-73.25,89.6,49,32,3.36,scattered clouds
319,Half Moon Bay,US,37.46,-122.43,79.0,87,90,11.41,overcast clouds
320,Naryan-Mar,RU,67.67,53.09,54.19,92,100,4.99,overcast clouds
321,Kankaanpaa,FI,61.8,22.42,60.8,82,78,2.24,shower rain
322,Tuy Hoa,VN,13.08,109.3,79.14,78,85,5.97,overcast clouds
323,Havre-Saint-Pierre,CA,50.23,-63.6,68.0,77,1,8.05,clear sky
324,Kataysk,RU,56.29,62.58,64.2,85,53,8.01,broken clouds
325,Mzimba,MW,-11.9,33.6,57.63,71,25,10.04,scattered clouds
326,Nanortalik,GL,60.14,-45.24,47.12,92,65,11.9,broken clouds
327,Gatbo,PH,13.58,123.38,76.23,87,100,2.98,overcast clouds
328,Chippewa Falls,US,44.94,-91.39,68.0,60,90,10.29,overcast clouds
329,Paamiut,GL,61.99,-49.67,44.89,96,100,11.65,light rain
330,Krasnyy Bor,RU,59.68,30.67,59.0,87,90,2.24,light intensity shower rain
331,Boyolangu,ID,-8.12,111.89,70.99,87,97,2.55,overcast clouds
332,Provideniya,RU,64.38,-173.3,51.8,62,100,8.95,overcast clouds
333,Mikhaylovka,RU,50.06,43.24,59.54,75,3,2.77,clear sky
334,Augusta,DE,48.37,10.88,63.0,100,100,4.7,light rain
335,Whitianga,NZ,-36.83,175.7,55.99,91,57,3.0,light rain
336,Panama City,PA,8.99,-79.52,86.0,79,40,9.17,scattered clouds
337,San Francisco,US,37.77,-122.42,73.99,56,20,20.8,few clouds
338,Arman,RU,59.7,150.17,61.84,60,0,0.49,clear sky
339,Qostanay,KZ,53.17,63.58,73.4,43,72,11.18,broken clouds
340,Hoa Binh,VN,20.81,105.34,78.8,88,75,8.05,light rain
341,Vung Tau,VN,10.35,107.08,81.81,80,100,17.2,light rain
342,Porto Novo,BJ,6.5,2.6,77.0,83,20,12.75,few clouds
343,Niteroi,BR,-22.88,-43.1,72.0,68,40,12.75,scattered clouds
344,Bud,US,39.45,-86.18,78.8,61,75,9.22,broken clouds
345,Cabo San Lucas,MX,22.89,-109.91,89.6,49,20,6.93,few clouds
346,Henties Bay,NA,-22.12,14.28,70.0,23,0,1.99,clear sky
347,Kodinsk,RU,58.69,99.18,59.14,77,100,2.39,overcast clouds
348,San,ML,13.3,-4.9,83.28,65,87,8.03,overcast clouds
349,Jieshi,CN,22.81,115.83,79.63,88,100,4.05,moderate rain
350,Tual,ID,-5.67,132.75,77.38,82,5,18.86,clear sky
351,North Bend,US,43.41,-124.22,81.0,68,1,9.17,clear sky
352,Kununurra,AU,-15.77,128.73,53.6,43,24,2.24,few clouds
353,Mackay,AU,-21.15,149.2,59.0,93,90,5.82,overcast clouds
354,Havelock,US,34.88,-76.9,86.0,80,0,10.0,clear sky
355,Colon,PA,9.36,-79.9,86.0,74,100,7.0,light rain
356,Nampula,MZ,-15.12,39.27,61.75,98,23,6.78,few clouds
357,Udachnyy,RU,66.42,112.4,64.4,45,100,4.47,overcast clouds
358,Marsa Matruh,EG,31.35,27.25,78.8,83,20,8.05,few clouds
359,Lazaro Cardenas,MX,17.96,-102.2,87.17,69,0,11.36,clear sky
360,Alyangula,AU,-13.85,136.42,64.4,100,75,8.14,broken clouds
361,Kumanovo,MK,42.13,21.71,68.0,60,0,2.24,clear sky
362,College,US,64.86,-147.8,71.6,56,40,6.93,scattered clouds
363,Buncrana,IE,55.13,-7.45,48.96,86,58,3.91,broken clouds
364,Massaguet,TD,12.48,15.44,73.4,100,20,9.17,few clouds
365,Nago,JP,26.59,127.98,84.2,83,75,9.17,broken clouds
366,Manokwari,ID,-0.87,134.08,78.85,79,96,3.87,overcast clouds
367,Chuguyevka,RU,44.17,133.86,69.44,92,100,3.0,light rain
368,Treinta Y Tres,UY,-33.23,-54.38,65.62,89,89,3.27,overcast clouds
369,Saint-Pierre,RE,-21.34,55.48,68.0,60,90,10.29,overcast clouds
370,Norman Wells,CA,65.28,-126.83,75.2,64,20,5.82,few clouds
371,Tevaitoa,PF,-16.78,-151.5,79.12,77,100,10.58,overcast clouds
372,Lubao,PH,14.92,120.55,79.0,94,75,0.31,broken clouds
373,Richards Bay,ZA,-28.78,32.04,64.67,73,0,15.68,clear sky
374,Las Vegas,US,36.17,-115.14,109.4,2,1,12.75,clear sky
375,Ponta Delgada,PT,37.73,-25.67,71.6,73,20,6.93,few clouds
376,Makokou,GA,0.57,12.86,72.3,80,91,5.19,overcast clouds
377,Montevideo,UY,-34.83,-56.17,60.8,87,83,10.29,broken clouds
378,Tura,IN,25.52,90.22,77.56,83,39,1.9,scattered clouds
379,Buala,SB,-8.14,159.59,83.07,74,26,6.69,scattered clouds
380,Hammerfest,NO,70.66,23.68,48.2,87,1,10.29,clear sky
381,Macherla,IN,16.48,79.43,80.06,74,100,18.57,light rain
382,Belur,IN,13.17,75.87,67.73,92,100,12.86,overcast clouds
383,Pachino,IT,36.72,15.09,75.99,82,11,8.28,few clouds
384,Crotone,IT,39.09,17.12,81.28,64,0,7.52,clear sky
385,Sarangani,PH,5.4,125.46,79.7,83,100,7.94,light rain
386,Ranibennur,IN,14.62,75.62,71.62,88,100,13.91,overcast clouds
387,Kourou,GF,5.16,-52.65,82.4,74,48,3.36,light rain
388,Rio Bueno,CL,-40.32,-72.97,55.4,71,58,3.36,broken clouds
389,Casselman,CA,45.32,-75.08,78.01,83,96,8.86,light rain
390,Novikovo,RU,51.15,37.89,54.99,91,14,6.82,few clouds
391,Yar-Sale,RU,66.83,70.83,62.62,61,99,14.41,overcast clouds
392,Aloja,LV,57.77,24.88,57.0,82,70,1.99,broken clouds
393,Gigmoto,PH,13.78,124.39,80.87,77,98,4.79,overcast clouds
394,Atar,MR,20.52,-13.05,101.62,10,0,7.47,clear sky
395,Kandrian,PG,-6.22,149.55,78.98,86,72,12.03,light rain
396,Xichang,CN,27.9,102.26,64.47,78,14,2.28,few clouds
397,Esmeraldas,BR,-19.76,-44.31,66.2,52,0,10.29,clear sky
398,Kondagaon,IN,19.6,81.67,74.28,92,100,6.58,overcast clouds
399,Sagae,JP,38.37,140.27,75.2,88,75,1.19,broken clouds
400,Phu Ly,VN,20.54,105.91,77.4,94,100,0.94,moderate rain
401,Opuwo,NA,-18.06,13.84,60.64,32,0,8.52,clear sky
402,Moron,AR,-34.65,-58.62,66.99,86,67,1.99,broken clouds
403,Muros,ES,42.78,-9.06,64.0,77,100,6.17,overcast clouds
404,Camacha,PT,33.08,-16.33,69.8,73,40,11.41,scattered clouds
405,Victoria,HK,22.29,114.16,79.0,94,100,8.01,light rain
406,Slave Lake,CA,55.28,-114.77,82.4,51,20,10.29,few clouds
407,Aranos,NA,-24.13,19.12,55.04,36,0,13.02,clear sky
408,Abong Mbang,CM,3.98,13.18,68.23,96,100,4.88,overcast clouds
409,Sao Joao Da Barra,BR,-21.64,-41.05,69.8,68,3,5.82,clear sky
410,Yerbogachen,RU,61.28,108.01,57.31,74,0,4.43,clear sky
411,Puerto Montt,CL,-41.47,-72.94,53.6,76,80,6.93,broken clouds
412,Ranong,TH,9.97,98.63,80.51,83,100,19.04,moderate rain
413,Bone,DE,51.97,12.14,64.99,87,100,7.74,overcast clouds
414,Gizo,SB,-8.1,156.84,82.0,80,49,9.89,scattered clouds
415,Edd,ER,13.93,41.69,89.15,65,100,2.51,overcast clouds
416,Pacific Grove,US,36.62,-121.92,69.8,68,40,11.41,scattered clouds
417,Nyurba,RU,63.28,118.33,58.75,72,0,3.69,clear sky
418,Whyalla,AU,-33.03,137.58,50.0,100,90,4.7,overcast clouds
419,Namatanai,PG,-3.67,152.43,81.84,79,24,7.45,light rain
420,Manggar,ID,-2.88,108.27,80.78,82,100,8.84,overcast clouds
421,Kingman,US,35.19,-114.05,100.4,16,1,18.34,clear sky
422,Koumac,NC,-20.57,164.28,69.71,59,0,7.45,clear sky
423,Nalut,LY,30.33,10.85,84.83,14,0,10.85,clear sky
424,Sao Miguel Do Araguaia,BR,-13.28,-50.16,77.74,32,0,3.06,clear sky
425,Ancud,CL,-41.87,-73.82,52.0,87,75,16.11,broken clouds
426,Puerto Leguizamo,CO,-0.19,-74.78,85.55,59,7,2.68,clear sky
427,Nerchinskiy Zavod,RU,51.31,119.61,59.56,94,100,3.49,overcast clouds
428,Sindor,RU,62.86,51.89,49.59,98,99,7.7,overcast clouds
429,Laramie,US,41.31,-105.59,82.4,17,1,8.05,clear sky
430,Mount Isa,AU,-20.73,139.5,53.6,58,0,8.03,clear sky
431,Coihaique,CL,-45.58,-72.07,41.0,86,90,1.9,overcast clouds
432,Rio Muerto,MX,27.42,-110.23,96.8,39,75,5.82,broken clouds
433,Zhangye,CN,38.93,100.45,68.54,39,93,3.76,overcast clouds
434,Nabire,ID,-3.37,135.48,75.56,89,28,4.83,scattered clouds
435,Surt,LY,31.21,16.59,79.18,84,0,6.2,clear sky
436,Kondinskoye,RU,59.65,67.41,68.32,75,0,9.08,clear sky
437,Alto Araguaia,BR,-17.31,-53.22,73.04,38,0,8.14,clear sky
438,Opelousas,US,30.53,-92.08,91.0,45,1,4.7,clear sky
439,Bathsheba,BB,13.22,-59.52,84.2,74,40,11.41,scattered clouds
440,Kaili,ID,-3.46,120.21,68.38,91,100,0.83,overcast clouds
441,Salinopolis,BR,-0.61,-47.36,78.84,85,7,9.46,light rain
442,Zinder,NE,13.81,8.99,80.83,65,96,11.21,light rain
443,Mogadishu,SO,2.04,45.34,76.66,81,99,21.36,light rain
444,Payo,ID,-3.75,103.64,73.31,81,99,2.48,overcast clouds
445,Sambava,MG,-14.27,50.17,71.49,83,100,20.62,light rain
446,Westport,US,41.14,-73.36,84.2,74,40,11.41,scattered clouds
447,Viedma,AR,-40.81,-63.0,46.99,66,14,5.59,few clouds
448,Srednekolymsk,RU,67.45,153.68,60.06,50,22,2.98,few clouds
449,Touros,BR,-5.2,-35.46,75.2,88,40,11.41,scattered clouds
450,Komsomolskiy,UZ,40.43,71.72,75.2,44,0,6.93,clear sky
451,Boissevain,CA,49.23,-100.06,75.99,46,40,9.17,scattered clouds
452,Kentau,KZ,43.52,68.51,75.87,34,0,10.6,clear sky
453,Zhanaozen,KZ,43.3,52.8,77.86,36,18,3.71,few clouds
454,Faya,SA,18.39,42.45,68.0,77,20,5.82,few clouds
455,Flores,GT,16.92,-89.9,92.86,50,89,3.06,overcast clouds
456,Bonfim,BR,3.08,-59.95,80.85,75,19,5.86,few clouds
457,Pangnirtung,CA,66.15,-65.71,55.65,54,36,4.27,scattered clouds
458,Tiznit,MA,29.58,-9.5,82.02,32,27,0.25,scattered clouds
459,Axim,GH,4.87,-2.24,73.58,82,11,8.12,few clouds
460,Kavieng,PG,-2.57,150.8,83.07,76,16,6.93,few clouds
461,Christchurch,NZ,-43.53,172.63,52.0,93,100,6.93,overcast clouds
462,Debre Birhan,ET,9.68,39.53,52.03,100,100,4.54,light rain
463,Takahashi,JP,34.78,133.62,77.0,94,75,1.12,mist
464,Ust-Nera,RU,64.57,143.2,64.87,40,71,3.96,broken clouds
465,Kaeo,NZ,-35.1,173.78,60.01,3,64,7.0,broken clouds
466,Lompoc,US,34.64,-120.46,68.0,68,0,14.99,clear sky
467,Chipinge,ZW,-20.19,32.62,47.84,97,2,5.44,clear sky
468,Bonthe,SL,7.53,-12.51,74.44,86,100,7.38,overcast clouds
469,Batagay,RU,67.63,134.63,57.38,54,36,3.8,scattered clouds
470,Ribeira Brava,PT,32.65,-17.07,71.6,68,20,17.22,few clouds
471,Leninsk-Kuznetskiy,RU,54.66,86.17,60.8,93,0,8.95,clear sky
472,Lasa,IT,46.62,10.7,61.0,100,40,2.91,thunderstorm with light rain
473,Saint-Georges,GD,12.06,-61.75,84.2,74,40,17.22,scattered clouds
474,Grindavik,IS,63.84,-22.43,46.4,93,75,14.99,broken clouds
475,Maniitsoq,GL,65.42,-52.9,48.24,85,93,9.98,overcast clouds
476,Mayskiy,RU,47.69,40.1,60.8,82,3,6.71,clear sky
477,Mulanje,MW,-16.03,35.5,60.71,88,95,8.57,overcast clouds
478,Zavetnoye,RU,47.12,43.89,65.59,54,0,5.14,clear sky
479,Surgut,RU,61.25,73.42,68.0,77,27,6.71,scattered clouds
480,Bandarbeyla,SO,9.49,50.81,78.31,70,0,29.97,clear sky
481,Adrar,MR,20.5,-10.07,101.73,9,0,4.81,clear sky
482,Poum,NC,-20.23,164.02,69.08,62,4,6.71,clear sky
483,Tateyama,JP,34.98,139.87,80.01,100,1,3.33,clear sky
484,Bilma,NE,18.69,12.92,93.25,29,59,6.91,broken clouds
485,Tarakan,ID,3.3,117.63,78.55,85,82,5.14,broken clouds
486,Sangmelima,CM,2.93,11.98,66.96,97,97,4.41,overcast clouds
487,Gouyave,GD,12.16,-61.73,84.2,74,40,17.22,scattered clouds
488,Varkaus,FI,62.32,27.87,57.2,100,90,5.82,thunderstorm
489,Gambela,ET,8.25,34.58,71.6,92,95,3.53,light rain
490,Kerema,PG,-7.96,145.78,76.23,81,80,2.01,broken clouds
491,Port-Gentil,GA,-0.72,8.78,77.0,78,40,10.94,scattered clouds
492,Tucumcari,US,35.17,-103.72,95.0,19,1,8.05,clear sky
493,Betare Oya,CM,5.6,14.08,67.55,94,100,4.23,moderate rain
494,Ust-Omchug,RU,61.15,149.63,61.11,47,8,2.24,clear sky
495,Scottsbluff,US,41.87,-103.67,84.2,37,1,14.99,clear sky
496,Charlestown,AU,-32.95,151.67,50.0,79,76,7.25,broken clouds
497,Feltre,IT,46.02,11.91,68.0,98,86,3.62,light rain
498,Portage,US,41.17,-81.2,68.0,93,90,11.41,light rain
499,Standerton,ZA,-26.93,29.24,45.0,55,0,3.67,clear sky
500,Carbondale,US,37.73,-89.22,75.99,78,75,8.05,broken clouds
501,Chara,RU,56.91,118.26,55.26,89,100,2.37,moderate rain
502,Halifax,CA,44.65,-63.57,77.0,60,33,1.01,scattered clouds
503,Nome,US,64.5,-165.41,64.0,72,1,12.75,clear sky
504,Paka,MY,4.64,103.44,80.6,88,98,3.36,light rain
505,Casper,US,42.87,-106.31,89.01,25,1,9.17,clear sky
506,Akyab,MM,20.15,92.9,82.89,83,100,5.93,moderate rain
507,Barcelos,PT,41.54,-8.62,66.99,87,100,10.29,overcast clouds
508,Dryden,CA,49.78,-92.75,66.2,52,75,9.17,broken clouds
509,Birao,CF,10.28,22.79,70.65,96,92,2.86,overcast clouds
510,Altay,CN,47.87,88.12,60.91,42,0,9.26,clear sky
511,Pringsewu,ID,-5.36,104.97,72.36,92,53,1.9,broken clouds
512,Sakakah,SA,29.97,40.21,89.6,13,0,5.82,clear sky
513,Llanes,ES,43.42,-4.75,66.99,97,100,1.01,overcast clouds
514,San Policarpo,PH,12.18,125.51,82.85,79,100,6.53,overcast clouds
515,Abnub,EG,27.27,31.15,86.0,30,0,2.24,clear sky
516,Vakhrushev,RU,48.98,142.97,58.78,95,100,6.98,light rain
517,Kaitangata,NZ,-46.28,169.85,50.0,83,100,3.0,overcast clouds
518,Zyryanka,RU,65.75,150.85,61.83,52,5,7.7,clear sky
519,Wamba,NG,8.93,8.6,72.07,94,100,2.28,light rain
520,Gayeri,BF,12.65,0.49,81.05,68,93,11.16,overcast clouds
521,Pisco,PE,-13.7,-76.22,66.2,68,5,6.93,clear sky
522,Merta,IN,26.65,74.03,84.52,73,0,13.6,clear sky
523,Bell Ville,AR,-32.63,-62.69,69.01,72,67,4.0,broken clouds
524,Ulladulla,AU,-35.35,150.47,50.0,66,75,18.34,broken clouds
525,Isangel,VU,-19.55,169.27,70.92,63,5,11.74,clear sky
526,Vila Velha,BR,-20.33,-40.29,73.99,64,20,6.93,few clouds
527,Perth,AU,-31.93,115.83,46.0,93,20,5.82,shower rain
528,Novodugino,RU,55.63,34.28,49.48,92,0,5.01,clear sky
529,Sungaipenuh,ID,-2.08,101.38,64.81,96,46,1.01,scattered clouds
530,Khvoynaya,RU,58.9,34.53,51.37,88,47,2.73,scattered clouds
531,Chapais,CA,49.78,-74.85,66.2,93,90,6.93,overcast clouds
532,Hay River,CA,60.82,-115.8,89.6,49,40,5.82,haze
533,Monrovia,LR,6.3,-10.8,77.0,94,75,9.95,light rain
534,Jumla,NP,29.27,82.18,61.34,71,46,0.76,scattered clouds
535,Manjacaze,MZ,-24.71,33.88,56.32,91,0,3.65,clear sky
536,Khandyga,RU,62.67,135.6,63.82,48,30,2.33,scattered clouds
537,Larsnes,NO,62.2,5.58,53.01,92,100,4.0,light rain
538,Banes,CU,20.96,-75.72,75.2,94,75,9.17,thunderstorm with light rain
539,Channel-Port Aux Basques,CA,47.57,-59.14,66.79,81,0,11.39,clear sky
540,Anaconda,US,46.13,-112.94,91.4,14,1,4.7,clear sky
541,Olutanga,PH,7.31,122.85,81.88,78,73,1.01,broken clouds
542,Pemangkat,ID,1.17,108.97,77.56,93,100,4.68,overcast clouds
543,Sumbawanga,TZ,-7.97,31.62,55.4,71,5,6.93,clear sky
544,Kaoma,ZM,-14.78,24.8,52.92,46,78,6.96,broken clouds
545,Kapuskasing,CA,49.42,-82.43,57.2,71,75,13.87,light rain
546,Atambua,ID,-9.11,124.89,65.19,86,40,4.79,scattered clouds
547,Samarai,PG,-10.62,150.67,77.4,85,98,13.2,light rain
548,Mexico,PH,15.06,120.72,79.0,94,75,0.58,broken clouds
549,Hambantota,LK,6.12,81.12,77.0,100,20,11.41,few clouds
550,Natchez,US,31.56,-91.4,87.8,48,1,4.16,clear sky
551,Vrangel,RU,42.73,133.08,68.72,97,100,9.28,moderate rain
552,Flin Flon,CA,54.77,-101.86,77.0,41,40,6.93,scattered clouds
553,Alice Springs,AU,-23.7,133.88,41.0,32,0,3.36,clear sky
554,Dukat,RU,62.55,155.55,53.4,58,32,6.93,scattered clouds
555,Myskhako,RU,44.67,37.74,57.2,87,40,4.47,scattered clouds
556,Valdivia,CL,-39.81,-73.25,53.6,87,99,4.7,overcast clouds
557,General Teran,MX,25.27,-99.68,90.27,50,28,10.31,moderate rain
558,Okha,RU,53.57,142.95,54.01,88,98,12.68,overcast clouds
559,Capreol,CA,46.71,-80.92,62.01,93,90,17.22,light intensity shower rain
560,Lufilufi,WS,-13.87,-171.6,81.41,80,89,12.17,overcast clouds
561,Redlands,US,34.06,-117.18,102.2,10,5,6.93,clear sky
562,Bibbiena,IT,43.7,11.81,78.8,69,0,3.36,clear sky
563,General Roca,AR,-39.03,-67.58,57.2,47,3,9.17,clear sky
564,Pillaro,EC,-1.17,-78.53,62.6,33,20,12.75,few clouds
565,Saint George,US,37.1,-113.58,107.01,10,1,13.87,clear sky
566,Kiunga,PG,-6.12,141.29,72.1,88,89,3.47,overcast clouds
567,Coahuayana,MX,18.73,-103.68,86.0,70,75,11.41,broken clouds
568,Marsh Harbour,BS,26.54,-77.06,83.59,79,100,26.26,light rain
569,Bouna,CI,9.27,-3.0,70.97,90,81,3.85,broken clouds
570,Luancheng,CN,37.88,114.65,80.6,88,100,4.47,overcast clouds
571,Sabang,ID,5.89,95.32,82.72,77,100,23.4,overcast clouds
572,Mersing,MY,2.43,103.84,77.0,94,97,5.82,overcast clouds
573,Panjab,AF,34.39,67.02,55.45,46,0,4.21,clear sky
574,Goure,NE,13.98,10.27,79.74,68,8,13.82,clear sky
575,Poltavka,RU,54.37,71.76,71.89,60,0,3.58,clear sky
576,Carmelo,UY,-33.99,-58.29,66.2,82,75,8.05,broken clouds
577,Shelburne,CA,44.08,-80.2,69.8,94,90,2.24,light rain
578,Maceio,BR,-9.67,-35.74,73.4,83,40,2.24,scattered clouds
579,Lander,US,42.83,-108.73,93.2,14,1,4.7,clear sky
580,Marawi,PH,8.0,124.29,77.0,86,96,5.99,overcast clouds
581,Naze,JP,28.37,129.48,82.4,78,40,10.29,mist
582,Ourossogui,SN,15.61,-13.32,89.6,79,1,4.7,clear sky
583,Athabasca,CA,54.72,-113.29,79.68,69,0,11.41,clear sky
584,Yarada,IN,17.65,83.27,78.8,94,40,2.24,mist
585,Ewa Beach,US,21.32,-158.01,87.8,55,20,10.29,few clouds
586,Chokwe,MZ,-24.53,32.98,58.77,83,0,3.87,clear sky
587,Fort Wayne,US,41.13,-85.13,78.8,65,20,3.36,few clouds
588,Calamar,CO,10.25,-74.91,86.0,84,75,5.82,broken clouds
589,Port Lincoln,AU,-34.73,135.87,51.98,76,100,10.04,overcast clouds
590,Muromtsevo,RU,56.37,75.24,67.15,89,6,3.96,clear sky
591,Portmore,JM,17.97,-76.87,86.0,88,75,8.05,shower rain
592,Itarema,BR,-2.92,-39.92,78.35,80,1,12.8,clear sky
593,Wawina,HN,15.42,-84.43,88.72,63,68,7.52,broken clouds
594,Vostok,RU,46.49,135.88,67.44,97,100,3.38,overcast clouds
595,Ayan,RU,56.45,138.17,57.85,74,0,2.13,clear sky
596,Yagodnoye,RU,62.55,149.67,59.0,56,50,2.95,scattered clouds
597,Lincoln,US,40.8,-96.67,78.8,50,20,17.22,few clouds
598,Chernyshevskiy,RU,63.01,112.47,59.11,74,0,2.24,clear sky
599,Wum,CM,6.38,10.07,63.91,99,100,2.73,overcast clouds
600,Oussouye,SN,12.48,-16.55,75.2,100,99,2.24,overcast clouds
601,Bisceglie,IT,41.24,16.5,80.01,41,54,4.7,broken clouds
602,Agadir,MA,30.42,-9.6,73.4,78,23,1.99,few clouds
603,Aksarka,RU,66.56,67.8,61.72,77,100,10.38,light rain
604,Tibacuy,CO,4.35,-72.46,84.85,70,1,6.26,clear sky
605,Grand Gaube,MU,-20.01,57.66,64.99,79,41,1.99,scattered clouds
606,San Blas,MX,21.52,-105.27,86.0,51,75,8.05,broken clouds
607,Riyadh,SA,24.69,46.72,95.0,16,11,6.93,few clouds
608,Can Tho,VN,10.03,105.78,76.5,92,99,6.44,overcast clouds
609,West Bay,KY,19.37,-81.42,89.01,70,20,5.82,few clouds
610,Maria La Baja,CO,9.98,-75.3,86.0,84,75,5.82,broken clouds
611,Pechora,RU,65.15,57.22,57.94,97,59,7.81,broken clouds
612,Am Timan,TD,11.03,20.28,69.87,98,100,2.39,moderate rain
613,Redmond,US,47.67,-122.12,82.0,39,84,4.88,broken clouds
614,Sergeyevka,KZ,53.88,67.42,68.72,56,0,6.55,clear sky
615,Eyl,SO,7.98,49.82,79.99,63,0,24.27,clear sky
616,Sarapul,RU,56.48,53.8,51.01,94,0,2.75,clear sky
617,George Town,MY,5.41,100.34,82.4,78,20,4.7,few clouds
618,Oranjemund,NA,-28.55,16.43,67.33,29,0,6.38,clear sky
619,Kommunisticheskiy,RU,61.68,64.48,63.68,91,100,8.03,overcast clouds
620,Aykhal,RU,66.0,111.5,64.4,45,100,4.47,overcast clouds
621,Culaba,PH,11.66,124.54,80.65,77,100,4.63,overcast clouds
622,Mola Di Bari,IT,41.06,17.09,75.99,41,1,4.7,clear sky
623,Guanhaes,BR,-18.77,-42.93,58.15,88,8,4.83,clear sky
624,Stawell,AU,-37.05,142.77,39.79,95,88,0.69,overcast clouds
625,Pingliang,CN,35.54,106.69,67.41,78,99,1.77,overcast clouds
626,Bull Savanna,JM,17.89,-77.59,83.25,71,100,10.58,overcast clouds
627,Zabid,YE,14.2,43.32,86.97,67,100,15.28,overcast clouds
628,Minot,US,48.23,-101.3,78.8,39,1,8.05,clear sky
629,Toora-Khem,RU,52.47,96.11,51.55,91,98,1.79,overcast clouds
630,Harbour Breton,CA,47.48,-55.8,63.97,83,3,8.93,clear sky
631,Vysokogornyy,RU,50.12,139.15,56.01,94,100,4.52,overcast clouds
632,Agadez,NE,19.75,10.25,93.31,23,56,9.6,broken clouds
633,Lysyanka,UA,49.25,30.83,55.78,86,8,2.95,clear sky
634,Mojo,ET,8.6,39.12,60.8,82,75,6.93,broken clouds
635,Ghanzi,BW,-21.57,21.78,52.32,42,0,6.06,clear sky
636,Mayor Pablo Lagerenza,PY,-19.93,-60.77,85.64,27,0,6.87,clear sky
637,Celestun,MX,20.87,-90.4,85.75,69,5,16.55,clear sky
638,Nishihara,JP,26.18,127.76,84.2,83,75,14.99,broken clouds
639,El Alto,PE,-4.27,-81.21,66.2,77,13,17.27,few clouds
640,Owando,CG,-0.48,15.9,73.45,88,32,3.2,light rain
641,Xiamen,CN,24.48,118.08,82.4,83,40,2.24,scattered clouds
642,Rongcheng,CN,30.63,117.85,79.14,82,33,2.82,scattered clouds
643,Yankton,US,42.87,-97.4,79.0,53,75,9.17,broken clouds
644,Pinawa,CA,50.15,-95.88,74.91,32,0,7.16,clear sky
645,Uni,RU,57.75,51.49,47.19,94,3,3.87,clear sky
646,Itoman,JP,26.12,127.67,84.2,83,40,14.99,scattered clouds
647,Nagato,JP,34.38,131.2,78.8,94,75,2.24,mist
648,Kendal,GB,54.33,-2.75,57.99,90,100,2.19,overcast clouds
649,Cap Malheureux,MU,-19.98,57.61,64.99,79,30,1.99,scattered clouds
650,Lakes Entrance,AU,-37.88,147.98,46.0,86,83,6.29,broken clouds
651,Straseni,MD,47.14,28.61,66.2,48,0,3.36,clear sky
652,Dayong,CN,25.02,118.29,82.4,83,40,2.24,scattered clouds
653,San Cristobal,VE,7.77,-72.22,87.8,43,40,29.97,scattered clouds
654,Stykkisholmur,IS,65.08,-22.73,48.9,83,74,6.22,broken clouds
655,Lima,PE,-12.04,-77.03,60.8,82,90,9.17,overcast clouds
656,Dong Hoi,VN,17.48,106.6,80.76,76,87,9.78,overcast clouds
657,Ilulissat,GL,69.22,-51.1,46.4,70,0,4.7,clear sky
658,Freeport,US,40.66,-73.58,84.99,74,20,19.46,few clouds
659,Nhulunbuy,AU,-12.23,136.77,73.4,83,75,6.93,broken clouds
660,Hersbruck,DE,49.51,11.43,66.99,93,40,4.7,light rain
661,Kindu,CD,-2.95,25.95,78.03,43,42,2.28,scattered clouds
662,Sao Gabriel Da Cachoeira,BR,-0.13,-67.09,82.92,65,52,1.79,broken clouds
663,Murree,PK,33.91,73.39,84.99,100,40,6.93,mist
664,Abha,SA,18.22,42.51,68.0,77,20,5.82,few clouds
665,Luwuk,ID,-0.95,122.79,75.63,80,100,2.75,overcast clouds
666,Horsham,GB,51.06,-0.33,62.6,77,100,5.82,overcast clouds
667,Chone,EC,-0.68,-80.1,80.53,68,89,7.11,overcast clouds
668,Aurillac,FR,44.92,2.45,63.0,67,90,3.36,overcast clouds
669,Ambikapur,IN,23.12,83.2,79.0,78,56,2.06,light rain
670,Ambunti,PG,-4.24,142.84,76.05,93,38,0.29,light rain
671,Salumbar,IN,24.13,74.05,83.01,78,99,7.31,light rain
672,Arona,ES,28.1,-16.68,75.99,83,20,2.24,few clouds
673,Kangaba,ML,11.93,-8.42,74.23,93,76,6.82,broken clouds
674,Bonavista,CA,48.65,-53.11,60.01,80,45,3.0,scattered clouds
675,Bay Roberts,CA,47.6,-53.26,69.01,55,59,2.39,broken clouds
676,Joshimath,IN,30.57,79.57,66.42,57,57,1.39,broken clouds
677,Benguela,AO,-12.58,13.41,67.89,88,99,3.94,overcast clouds
678,Puerto Madero,MX,14.72,-92.42,89.6,75,40,8.05,scattered clouds
679,Necochea,AR,-38.55,-58.74,48.0,96,67,1.99,broken clouds
680,Yerofey Pavlovich,RU,53.97,121.97,57.78,81,100,9.66,overcast clouds
681,Berlevag,NO,70.86,29.09,48.2,100,75,16.11,light intensity drizzle
682,Chenzhou,CN,25.8,113.03,75.85,82,0,2.57,clear sky
683,Zhangjiakou,CN,40.81,114.88,68.02,54,0,3.27,clear sky
684,Bouake,CI,7.69,-5.02,73.4,88,20,2.24,few clouds
685,Leon Valley,US,29.5,-98.62,91.0,43,40,11.41,light rain
686,Villa Guerrero,MX,18.87,-99.65,82.4,51,40,4.7,scattered clouds
687,Nara,JP,34.69,135.8,82.99,78,75,1.12,broken clouds
688,Nurota,UZ,40.56,65.69,69.8,32,0,2.24,clear sky
689,Bac Lieu,VN,9.29,105.72,79.77,83,100,12.01,light rain
690,Jalesar,IN,27.48,78.32,78.8,100,75,6.93,broken clouds
691,Tabuk,PH,17.42,121.44,74.97,84,99,1.7,overcast clouds
692,Cockburn Town,TC,21.46,-71.14,86.0,70,40,14.99,scattered clouds
693,De Aar,ZA,-30.65,24.01,50.31,41,0,4.99,clear sky
694,Lensk,RU,60.73,114.93,58.91,74,0,4.03,clear sky
695,Tautira,PF,-17.73,-149.15,82.4,69,75,16.11,broken clouds
